"","pathway_name","acat_p","wfisher_p","tpm_p_analytic","omni_p","omni_p_BH","omni_p_q"
"50","aerobic respiration I (cytochrome c)",0.205182772,6.19e-10,1.73e-18,5.18999998549483e-18,1.27154999644623e-15,2.77170613277831e-16
"10","gluconeogenesis I",0.035613273,3.87e-05,1.46e-13,4.38094005517087e-13,5.36665156758431e-11,1.1698148797869e-11
"32","glycolysis IV",0.047953093,0.14084113,1.67e-10,5.01000130270768e-10,4.09150106387794e-08,8.91859433188948e-09
"17","L-homoserine biosynthesis",9.97e-05,1.12e-06,3.26e-09,9.75129799130059e-09,5.97267001967161e-07,1.30191389790822e-07
"21","phospholipases",0.141036247,0.000247686,8.1e-09,2.42992042043255e-08,1.19066100601195e-06,2.59538549144486e-07
"19","L-leucine biosynthesis",0.009185507,1.22e-06,1.9e-06,2.22866594334903e-06,9.10038593534187e-05,1.9836888504685e-05
"169","phosphatidylcholine acyl editing",0.289262892,0.000179222,1.1e-06,3.27986056669616e-06,0.000113865547219233,2.48202458748583e-05
"40","<i>trans</i>-zeatin biosynthesis",0.09753673,0.00243219,1.24e-06,3.71805868470965e-06,0.000113865547219233,2.48202458748583e-05
"217","avenanthramide biosynthesis",0.144133299,0.001836433,1.49e-06,4.46633328410329e-06,0.000121583517178367,2.65025977075127e-05
"48","choline biosynthesis III",0.049406955,0.00443806,7.29e-06,2.18309473212219e-05,0.000524427565376332,0.000114313955661518
"201","jasmonic acid biosynthesis",0.033127926,0.051231662,8.41e-06,2.52195166159375e-05,0.000524427565376332,0.000114313955661518
"202","phospholipid remodeling (phosphatidylcholine, yeast)",0.178790934,0.00011839,9.23e-06,2.56862481000653e-05,0.000524427565376332,0.000114313955661518
"75","L-lysine biosynthesis VI",0.000293251,0.001626263,1.17e-05,3.3521412973414e-05,0.000631749706037419,0.000137707879320406
"145","spermidine hydroxycinnamic acid conjugates biosynthesis",0.007649,1.76e-05,5.48e-05,3.98951724900343e-05,0.000668425671630908,0.000145702452797277
"69","rosmarinic acid biosynthesis I",0.100498246,0.001200195,1.38e-05,4.09240207120964e-05,0.000668425671630908,0.000145702452797277
"214","L-serine biosynthesis II",0.020088369,0.000252942,1.57e-05,4.43148111393121e-05,0.000678570545570717,0.000147913817619252
"131","sucrose degradation III (sucrose invertase)",0.002114692,0.00396411,2.29e-05,6.75778436609598e-05,0.000973915982172655,0.000212292785037407
"58","<i>S</i>-methyl-5-thio-&alpha;-D-ribose 1-phosphate degradation I",0.000361348,0.001080239,2.78e-05,7.56346592256651e-05,0.00102947175057155,0.000224402750387791
"73","NAD(P)/NADPH interconversion",0.145381375,0.003030171,2.8e-05,8.32161736485926e-05,0.00107305066020554,0.000233902017536537
"179","phosphatidate metabolism, as a signaling molecule",0.08486526,0.000513185,4.18e-05,0.000115903675851792,0.00141982002918445,0.000309490298716573
"20","triacylglycerol degradation",0.596487731,0.067848263,4.31e-05,0.000129224624420998,0.00150762061824498,0.000328628943035771
"222","dhurrin biosynthesis",0.054431964,0.00096187,4.98e-05,0.000141923468747418,0.00158051135650534,0.00034451755982816
"139","3-phosphoinositide biosynthesis",0.090385268,0.000188507,7.76e-05,0.00016481518539635,0.00175564001835242,0.000382691850058465
"225","superpathway of pyrimidine deoxyribonucleotides <i>de novo</i> biosynthesis (<i>E. coli</i>)",0.098905454,0.154322366,6.32e-05,0.000189411472609757,0.00185648186605818,0.000404673208912455
"184","pyrimidine deoxyribonucleotides <i>de novo</i> biosynthesis I",0.113638436,0.173087019,6.32e-05,0.000189436925107977,0.00185648186605818,0.000404673208912455
"80","superpathway of geranylgeranyl diphosphate biosynthesis II (via MEP)",0.027637906,0.001703565,7.92e-05,0.000226426124660062,0.00205460742747093,0.00044786032976202
"109","superpathway of geranylgeranyldiphosphate biosynthesis I (via mevalonate)",0.027637906,0.001703565,7.92e-05,0.000226426124660062,0.00205460742747093,0.00044786032976202
"83","sphingolipid biosynthesis (plants)",0.222898371,0.005637262,0.000303467,0.00086297182229389,0.00755100344507154,0.0016459567154912
"49","phenylpropanoid biosynthesis",0.446596829,0.011750299,0.000309944,0.000905798515400624,0.007652435733557,0.00166806677776501
"168","detoxification of reactive carbonyls in chloroplasts",0.201580357,0.00048917,0.001228918,0.00104811295758711,0.00855958915362807,0.00186580675690929
"172","abscisic acid biosynthesis",0.057249173,0.000965609,0.000609137,0.00111335132175705,0.00879906689775733,0.0019180077662225
"248","diacylglycerol and triacylglycerol biosynthesis",0.344926767,0.014448654,0.00043052,0.00125333659799165,0.00959585832837357,0.00209169119990238
"138","phosphate acquisition",0.064949261,0.007120211,0.000534857,0.00148127981241075,0.0108271475581708,0.0023600858299988
"71","luteolin biosynthesis",0.030170412,0.005818396,0.000558127,0.00150254292644003,0.0108271475581708,0.0023600858299988
"121","chlorogenic acid biosynthesis I",0.327432694,0.004897004,0.000960531,0.00240539950399321,0.0164533496596438,0.00358647715652832
"242","polyisoprenoid biosynthesis",0.02349692,0.004070777,0.001049604,0.0024176350520293,0.0164533496596438,0.00358647715652832
"185","pyrimidine deoxyribonucleotides <i>de novo</i> biosynthesis II",0.052012423,0.069779615,0.000942368,0.00274138884376018,0.0177124717421571,0.00386093875125698
"107","ubiquinol-10 biosynthesis (late decarboxylation)",0.041693628,0.001153583,0.0057119,0.00281481391738447,0.0177124717421571,0.00386093875125698
"106","superpathway of phylloquinol biosynthesis",0.037320302,0.014152589,0.001049604,0.00285700932480826,0.0177124717421571,0.00386093875125698
"126","inosine-5'-phosphate biosynthesis II",0.067142429,0.002557362,0.001583056,0.0028918321211685,0.0177124717421571,0.00386093875125698
"88","oleate biosynthesis I (plants)",0.236389535,0.126999428,0.00117584,0.00348286220421778,0.0208122253666673,0.0045366185243818
"191","CMP phosphorylation",0.038794337,0.157561156,0.001318259,0.00379709185043564,0.0221497024608746,0.00482815983025461
"192","pyrimidine deoxyribonucleotides dephosphorylation",0.016027779,0.003081868,0.0041976,0.00479944511006591,0.0258788040321317,0.00564102395071342
"187","superpathway of pyrimidine ribonucleosides salvage",0.04585993,0.004264405,0.002720714,0.00480978258414289,0.0258788040321317,0.00564102395071342
"193","superpathway of pyrimidine nucleobases salvage",0.04585993,0.004264405,0.002720714,0.00480978258414289,0.0258788040321317,0.00564102395071342
"39","brassinolide biosynthesis II",0.247211417,0.001623375,1,0.00485887749174718,0.0258788040321317,0.00564102395071342
"243","superpathway of sucrose and starch metabolism I (non-photosynthetic tissue)",0.146870133,0.005494551,0.002472123,0.00506029000845654,0.0263781074908905,0.00574986139026568
"146","&omega;-hydroxylation of caprate and laurate",0.008860957,0.00476056,0.0044709,0.00548870305612059,0.0266835333516782,0.00581643767384245
"147","&omega;- hydroxylation of laurate",0.008860957,0.00476056,0.0044709,0.00548870305612059,0.0266835333516782,0.00581643767384245
"43","diterpene phytoalexins precursors biosynthesis",0.214951938,0.150212258,0.001880648,0.00553650375739756,0.0266835333516782,0.00581643767384245
"100","CDP-diacylglycerol biosynthesis I",0.451853732,0.108975934,0.001884101,0.00555453143239015,0.0266835333516782,0.00581643767384245
"22","protein <i>N</i>-glycosylation initial phase (eukaryotic)",0.415108,0.002173524,0.016259251,0.00574228503125473,0.0270549967818733,0.00589740873046249
"102","TCA cycle II (plants and fungi)",0.453452865,0.00752753,0.002701434,0.00595820526041058,0.0275426469585017,0.0060037060045759
"240","indole-3-acetate biosynthesis I",0.056953035,0.01596249,0.0029275,0.00711551515464159,0.0320723017747684,0.00699107355352828
"232","scopolin biosynthesis",0.013425279,0.107604406,0.0030392,0.0072731771088943,0.0320723017747684,0.00699107355352828
"241","pyrimidine salvage pathway",0.118648407,0.029690232,0.002720714,0.00733081183423279,0.0320723017747684,0.00699107355352828
"223","mevalonate pathway I (eukaryotes and bacteria)",0.083597561,0.034646393,0.0027712,0.00747470007702522,0.0321280968223014,0.00700323567659525
"167","salicylate glucosides biosynthesis IV",0.016862754,0.167890227,0.0030392,0.00761925311484601,0.0321847760885737,0.0070155905403731
"72","very long chain fatty acid biosynthesis I",0.376970765,0.004870164,0.00716519,0.00866501009194764,0.0359818215682572,0.00784326497487356
"36","folate polyglutamylation",0.150290106,0.009374684,0.004451554,0.00888875678354117,0.0362957568661265,0.00791169613313173
"25","pentose phosphate pathway (oxidative branch) I",0.044126145,0.024682495,0.0037242,0.00904864488854673,0.0363429179949828,0.00792197624720079
"77","UDP-sugars interconversion",0.19298111,0.186493768,0.00346582,0.0100710035527682,0.0396951242784349,0.00865268528264179
"236","phosphatidylethanolamine biosynthesis II",0.047554283,0.046903506,0.0039717,0.0102073176715975,0.0396951242784349,0.00865268528264179
"13","glycine biosynthesis",0.067021259,0.161468847,0.0038964,0.0108266785808684,0.0414458789423868,0.00903431223027481
"81","geranyl diphosphate biosynthesis",0.013547937,0.029203367,0.0066277,0.0115880057751999,0.0431882813738822,0.00941411857046128
"155","brassinosteroids inactivation",0.395848387,0.825548753,0.003819212,0.0116343941660254,0.0431882813738822,0.00941411857046128
"183","UTP and CTP <i>de novo</i> biosynthesis",0.059407385,0.040002397,0.0047873,0.0119764178792992,0.0437943638869894,0.00954623155251028
"68","2-oxoisovalerate decarboxylation to isobutanoyl-CoA",0.247404005,0.720693734,0.004110962,0.0122979708530715,0.0443088655735664,0.00965838187959107
"196","apigeninidin 5-<i>O</i>-glucoside biosynthesis",0.146556593,0.131604183,0.0045717,0.0129118790434506,0.045846527038339,0.00999355908252911
"210","vernolate biosynthesis II",0.051525699,0.019477484,0.0063325,0.0131268351814489,0.045943923135071,0.0100147893416125
"115","xylogalacturonan biosynthesis",0.431894041,0.008603595,0.009917755,0.0137730046511337,0.0475265653454615,0.0103597713818621
"7","L-cysteine biosynthesis I",0.091219787,0.049392595,0.0058613,0.0148896469888088,0.049963688110764,0.0108910118469481
"188","pyrimidine deoxyribonucleotide phosphorylation",0.311477309,1,0.005085824,0.0152239060775919,0.049963688110764,0.0108910118469481
"176","brassinolide biosynthesis I",0.262013262,0.005202937,1,0.0155091424024257,0.049963688110764,0.0108910118469481
"15","hexaprenyl diphosphate biosynthesis",0.015557,0.015557,0.015557,0.015557,0.049963688110764,0.0108910118469481
"151","nonaprenyl diphosphate biosynthesis II",0.015557,0.015557,0.015557,0.015557,0.049963688110764,0.0108910118469481
"37","ascorbate glutathione cycle",0.262808028,0.00879881,0.013438,0.0157028734062401,0.049963688110764,0.0108910118469481
"206","L-methionine salvage cycle I (bacteria and plants)",0.034827187,0.172193394,0.0068328,0.0166368379007353,0.0522567344317969,0.0113908467388922
"23","L-methionine degradation I (to L-homocysteine)",0.042748761,0.244931455,0.0068328,0.017341386701004,0.0537802498955189,0.0117229404171575
"51","sucrose degradation II (sucrose synthase)",0.238075782,0.012468643,0.012026,0.0179815666314486,0.0550685478088112,0.0120037617169174
"250","L-valine biosynthesis",0.078704319,0.461653028,0.0080424,0.0218410126216775,0.0660623221272961,0.014400168605053
"194","adenosine ribonucleotides <i>de novo</i> biosynthesis",0.205141265,0.091269794,0.0087697,0.0232441788056719,0.0694490708218245,0.0151384071448696
"166","<i>S</i>-methyl-5'-thioadenosine degradation I",0.049131147,0.278673862,0.0095709,0.0235299510740948,0.069455879676545,0.0151398913290888
"215","queuosine biosynthesis II (queuine salvage)",0.033767386,0.066596487,0.015875,0.0279031619869498,0.0813842224619368,0.0177400140882846
"190","pyridoxal 5'-phosphate salvage II (plants)",0.191096231,0.050213341,0.012809,0.0292241706347883,0.0842343741826252,0.0183612860025357
"12","L-glutamine degradation I",0.435977226,0.025838713,0.01688,0.0303818030906935,0.0858412987644714,0.0187115610786918
"174","glycerophosphodiester degradation",0.219545821,0.203391913,0.011144,0.0306006789313074,0.0858412987644714,0.0187115610786918
"5","L-citrulline biosynthesis",0.609811155,0.025626816,0.01688,0.030832793025606,0.0858412987644714,0.0187115610786918
"249","UDP-<i>N</i>-acetyl-D-glucosamine biosynthesis II",0.375732716,0.116753524,0.012026,0.0322918108017947,0.0888931870386482,0.0193768072325774
"200","superpathway of anaerobic sucrose degradation",0.039021343,0.150903043,0.017924,0.0342109338406063,0.0929356279674993,0.0202579726091025
"160","guanosine nucleotides degradation II",0.167195396,0.183880341,0.013094,0.0345189475307854,0.0929356279674993,0.0202579726091025
"61","putrescine biosynthesis III",0.066451498,0.3537504,0.014539,0.0351028673099122,0.0934804618579183,0.0203767347057279
"18","L-leucine degradation I",0.215264926,0.02434561,0.029569,0.0379714646622802,0.099022381568674,0.0215847542796807
"24","pentose phosphate pathway (non-oxidative branch) I",0.333175324,0.392431003,0.013208,0.0379922606834913,0.099022381568674,0.0215847542796807
"231","phosphatidylcholine biosynthesis I",0.144355543,0.217731656,0.016454,0.0419960900266187,0.108305705858122,0.0236083197657053
"113","L-nicotianamine biosynthesis",0.295250236,0.014432939,1,0.0427339113744256,0.109060502986815,0.0237728493427136
"153","costunolide biosynthesis",0.146856368,0.015724151,1,0.0438064677789092,0.110645202121987,0.0241182797484263
"74","2-oxoglutarate decarboxylation to succinyl-CoA",0.175860147,0.066577166,0.021798,0.04535257131862,0.11338142829655,0.0247147183383285
"233","phosphatidylcholine biosynthesis II",0.468673909,0.349054121,0.016454,0.0475331387209885,0.117632515016588,0.0256413640200423
"127","CMP-<i>N</i>-glycoloylneuraminate biosynthesis",0.083645011,0.071146028,0.02919,0.0498713124469856,0.122184715495115,0.0266336460395644
"177","L-methionine biosynthesis II",0.295049135,0.079787806,0.026565,0.0568760438144207,0.137966640935971,0.0300737671243605
"114","<i>cis</i>-vaccenate biosynthesis",0.626089743,0.038231617,0.047092,0.0646053014214958,0.155179400473201,0.0338257793381716
"98","methylglyoxal degradation III",0.175078675,0.0667704,0.040759,0.066753967906509,0.158783710068881,0.0346114414858417
"182","esterified suberin biosynthesis",0.711727329,0.048719493,0.040572,0.0695993042163032,0.163959899355714,0.0357397396755185
"94","ajugose biosynthesis II (galactinol-independent)",0.13881,0.027435265,1,0.071438248096797,0.165962382151849,0.0361762379541818
"67","gibberellin biosynthesis III (early C-13 hydroxylation)",0.451418932,1,0.023542,0.0718041326861063,0.165962382151849,0.0361762379541818
"213","oxalate degradation VI",0.33314124,0.209810497,0.029901,0.0750742993281239,0.171202905850348,0.0373185596650618
"136","UDP-&beta;-L-arabinose biosynthesis I (from UDP-&alpha;-D-xylose)",0.141558024,0.215454215,0.035163,0.0758028028121349,0.171202905850348,0.0373185596650618
"229","leucopelargonidin and leucocyanidin biosynthesis",0.498617344,0.120119272,0.032622,0.0764450269610808,0.171202905850348,0.0373185596650618
"140","D-<i>myo</i>-inositol (1,4,5)-trisphosphate degradation",0.172965457,0.128096681,0.03874,0.0768666107899523,0.171202905850348,0.0373185596650618
"31","photosynthesis light reactions",0.420233032,0.073412915,0.045782,0.0817753769765623,0.180306727624454,0.0393029974546518
"186","pyrimidine ribonucleosides salvage I",0.218518524,0.152240816,0.03874,0.0824259326283219,0.180306727624454,0.0393029974546518
"87","acyl-[acyl-carrier protein] thioesterase pathway",0.661641914,0.11286834,0.047092,0.103983716516958,0.225451420766857,0.0491435718083857
"175","ammonia assimilation cycle II",0.533875485,0.319723435,0.041583,0.112393716266573,0.241547898993951,0.0526522586506538
"30","L-proline degradation I",0.73146627,0.205902148,0.042359,0.115464473090498,0.245989529627583,0.0536204388166859
"198","UDP-&alpha;-D-glucose biosynthesis",0.349663094,0.042567959,1,0.123102129711796,0.260000187753362,0.0566744616360808
"152","stachyose degradation",0.322582283,0.064555287,1,0.174612197598319,0.365640926594771,0.0797018757791585
"119","pseudouridine degradation",0.226972063,0.097668762,1,0.215396590539555,0.447221734594839,0.0974847412962644
"45","L-proline biosynthesis III (from L-ornithine)",0.179279121,0.117690839,1,0.221727888008558,0.456498592958795,0.0995068973492829
"66","gibberellin A<sub>12</sub> biosynthesis",0.412802427,0.081446961,1,0.224391598597487,0.458132847136536,0.0998631296908835
"181","5-deoxystrigol biosynthesis",0.313711007,0.099285112,1,0.240396786770648,0.486753824452965,0.106101888573803
"79","sakuranetin biosynthesis",0.1764,0.1764,1,0.269433385696136,0.54107524176683,0.117942791875352
"244","L-serine biosynthesis I",0.30759838,0.128892573,1,0.282241619996659,0.562188592676272,0.122545049306264
"16","L-histidine biosynthesis",0.845338224,0.065246481,1,0.289197708130924,0.571398697516744,0.124552654523614
"26","cyanide degradation",0.198,0.198,1,0.297756260400737,0.579324685282483,0.126280349774294
"57","L-glutamate degradation IV",0.436642655,0.11842874,1,0.299491304535967,0.579324685282483,0.126280349774294
"9","fatty acid elongation -- saturated",0.642795694,0.095458885,1,0.300303000126022,0.579324685282483,0.126280349774294
"99","pyruvate fermentation to ethanol II",0.487630405,0.115933017,1,0.306693909307215,0.587031310783342,0.127960228758483
"164","starch degradation II",0.27624,0.189217123,1,0.33196538524966,0.627825026571564,0.136852383415794
"142","proanthocyanidins biosynthesis from flavanols",0.352785563,0.160415265,1,0.333131646752258,0.627825026571564,0.136852383415794
"11","L-glutamate degradation I",0.283640179,0.201307554,1,0.344422147663753,0.64414829143221,0.140410504877605
"33","vitamin E biosynthesis (tocopherols)",0.325850117,0.197439406,1,0.358265645526578,0.664962751166754,0.144947610446237
"53","&beta;-alanine biosynthesis II",0.26049,0.26049,1,0.370288463852426,0.682110328149206,0.148685414261847
"132","hydroxyjasmonate sulfate biosynthesis",0.279689125,0.267259147,1,0.383609444701346,0.701375477252461,0.152884803359218
"245","assimilatory sulfate reduction II",0.493791946,0.172026127,1,0.38731314148842,0.702901627145652,0.153217471286575
"221","GABA shunt II",0.392770355,0.21348448,1,0.394411804665039,0.710521265756872,0.154878388995458
"158","adenosine nucleotides degradation I",0.594077236,0.174024896,1,0.420892523900238,0.748078488604388,0.163065057642976
"150","8-oxo-(d)GTP detoxification I",0.31277,0.31277,1,0.42136665888737,0.748078488604388,0.163065057642976
"52","D-galactose detoxification",0.365291723,0.288100766,1,0.431237425482218,0.760094742756428,0.165684343193628
"133","nucleobase ascorbate transport I",0.368571175,0.306926627,1,0.441818639934895,0.773182619886067,0.168537219557645
"34","formaldehyde oxidation II (glutathione-dependent)",0.337334668,0.443218312,1,0.482652265023786,0.833572641832528,0.181700948444077
"93","sulfate activation for sulfonation",0.425085566,0.353262197,1,0.483131898531506,0.833572641832528,0.181700948444077
"8","dTDP-&beta;-L-rhamnose biosynthesis",0.37727325,0.428456625,1,0.493937581757666,0.843380960216564,0.183838951376974
"41","cytokinins degradation",0.397388705,0.464768022,1,0.51401754034588,0.843380960216564,0.183838951376974
"70","rosmarinic acid biosynthesis II",0.43234,0.43234,1,0.515448119689272,0.843380960216564,0.183838951376974
"27","phosphopantothenate biosynthesis I",0.545812729,0.342316158,1,0.519282997953703,0.843380960216564,0.183838951376974
"1","L-alanine degradation II (to D-lactate)",0.543674789,0.369238244,1,0.529606629434605,0.843380960216564,0.183838951376974
"135","valencene and 7-epi-&alpha;-selinene biosynthesis",0.503872119,0.405135621,1,0.529869398091527,0.843380960216564,0.183838951376974
"238","dTMP <i>de novo</i> biosynthesis (mitochondrial)",0.745911716,0.213449054,1,0.530805308532118,0.843380960216564,0.183838951376974
"29","superpathway of polyamine biosynthesis II",0.465668568,0.454735904,1,0.534444734253458,0.843380960216564,0.183838951376974
"159","guanine and guanosine salvage II",0.46075,0.46075,1,0.534819123309754,0.843380960216564,0.183838951376974
"161","guanosine nucleotides degradation I",0.420895089,0.512651329,1,0.538366326505106,0.843380960216564,0.183838951376974
"239","fructose 2,6-bisphosphate biosynthesis",0.475625464,0.466094642,1,0.541535913527607,0.843380960216564,0.183838951376974
"116","linoleate biosynthesis I (plants)",0.47277,0.47277,1,0.542801185028291,0.843380960216564,0.183838951376974
"237","ethanol degradation II",0.62820835,0.36649413,1,0.558489952608076,0.843380960216564,0.183838951376974
"170","4-amino-2-methyl-5-diphosphomethylpyrimidine biosynthesis I",0.49864,0.49864,1,0.559644107938306,0.843380960216564,0.183838951376974
"134","&beta;-caryophyllene biosynthesis",0.576601596,0.445998965,1,0.568065431338897,0.843380960216564,0.183838951376974
"212","ATP biosynthesis",0.625655238,0.399689183,1,0.569737061931282,0.843380960216564,0.183838951376974
"195","guanosine ribonucleotides <i>de novo</i> biosynthesis",0.500199197,0.529515859,1,0.57003942041199,0.843380960216564,0.183838951376974
"65","phylloquinol biosynthesis",0.585853377,0.443905358,1,0.570520222651482,0.843380960216564,0.183838951376974
"137","acetaldehyde biosynthesis I",0.640764661,0.394724034,1,0.573721726405627,0.843380960216564,0.183838951376974
"103","urea degradation II",0.502626814,0.550552373,1,0.577556237744613,0.843380960216564,0.183838951376974
"95","thiosulfate disproportionation IV (rhodanese)",0.648124419,0.397999686,1,0.577738835891562,0.843380960216564,0.183838951376974
"38","phytosterol biosynthesis (plants)",0.895689865,0.111632709,1,0.581501018380811,0.843380960216564,0.183838951376974
"171","L-<i>N<sup>&delta;</sup></i>-acetylornithine biosynthesis",0.745656569,0.299071025,1,0.584872372343695,0.843380960216564,0.183838951376974
"157","farnesylcysteine salvage pathway",0.405921799,0.663774912,1,0.586722022819846,0.843380960216564,0.183838951376974
"62","1D-<i>myo</i>-inositol hexakisphosphate biosynthesis III (<i>Spirodela polyrrhiza</i>)",0.523645806,0.604394423,1,0.601654231528908,0.843380960216564,0.183838951376974
"205","oryzalexin A, B, and C biosynthesis",0.57216,0.573378108,1,0.606477213759278,0.843380960216564,0.183838951376974
"246","thioredoxin pathway",0.681363892,0.452750899,1,0.608908396443941,0.843380960216564,0.183838951376974
"56","&gamma;-glutamyl cycle",0.583242075,0.57004164,1,0.608926938414097,0.843380960216564,0.183838951376974
"91","sulfite oxidation IV (sulfite oxidase)",0.667876162,0.482008625,1,0.612167185000072,0.843380960216564,0.183838951376974
"218","dipyrromethane cofactor biosynthesis",0.497797406,1,1,0.61631405766727,0.843380960216564,0.183838951376974
"111","iron reduction and absorption",0.508150389,1,1,0.619313986564557,0.843380960216564,0.183838951376974
"156","1D-<i>myo</i>-inositol hexakisphosphate biosynthesis V (from Ins(1,3,4)P3)",0.526929401,0.668390534,1,0.625371780326967,0.843380960216564,0.183838951376974
"130","3-dehydroquinate biosynthesis I",0.55598931,1,1,0.633045150341269,0.843380960216564,0.183838951376974
"59","fatty acid biosynthesis initiation (type II)",0.57847306,1,1,0.639535549571439,0.843380960216564,0.183838951376974
"219","molybdenum cofactor biosynthesis",0.646909315,0.616678447,1,0.644051110084603,0.843380960216564,0.183838951376974
"92","stachyose biosynthesis",0.652302932,0.611797291,1,0.644379160553,0.843380960216564,0.183838951376974
"224","biotin-carboxyl carrier protein assembly",0.657529704,0.60628051,1,0.644506227075102,0.843380960216564,0.183838951376974
"60","lipid-dependent phytate biosynthesis I (via Ins(1,4,5)P<sub>3</sub>)",0.597089645,1,1,0.644987733056222,0.843380960216564,0.183838951376974
"122","IAA biosynthesis VII",0.613927439,0.654155364,1,0.645664030487893,0.843380960216564,0.183838951376974
"35","indole-3-acetate activation I",0.804018994,0.35324579,1,0.647089092410455,0.843380960216564,0.183838951376974
"82","anthocyanin biosynthesis",0.562995247,0.700877534,1,0.648316467849428,0.843380960216564,0.183838951376974
"148","ceramide degradation (generic)",0.633563815,1,1,0.656024100383387,0.843380960216564,0.183838951376974
"203","violdelphin biosynthesis",0.674434288,0.629984075,1,0.657637711510366,0.843380960216564,0.183838951376974
"204","cyanidin 3,7-diglucoside polyacylation biosynthesis",0.674434288,0.629984075,1,0.657637711510366,0.843380960216564,0.183838951376974
"128","6-hydroxymethyl-dihydropterin diphosphate biosynthesis I",0.641343309,1,1,0.658461353968141,0.843380960216564,0.183838951376974
"154","4-aminobenzoate biosynthesis I",0.523855059,0.754910392,1,0.662798040408355,0.843380960216564,0.183838951376974
"141","D-<i>myo</i>-inositol-5-phosphate metabolism",0.654976407,1,1,0.662822712064826,0.843380960216564,0.183838951376974
"89","acetyl-CoA biosynthesis from citrate",0.859451604,0.251271613,1,0.66418045821907,0.843380960216564,0.183838951376974
"14","heme <i>b</i> biosynthesis I (aerobic)",0.84433873,0.29477598,1,0.664477435671109,0.843380960216564,0.183838951376974
"86","pelargonidin conjugates biosynthesis",0.532443182,0.764812309,1,0.670244959214535,0.843380960216564,0.183838951376974
"90","salvianin biosynthesis",0.532443182,0.764812309,1,0.670244959214535,0.843380960216564,0.183838951376974
"108","3-(4-hydroxyphenyl)pyruvate biosynthesis",0.8502957,0.291937325,1,0.67033814138347,0.843380960216564,0.183838951376974
"120","serotonin and melatonin biosynthesis",0.648798505,0.702365689,1,0.67358358754145,0.843380960216564,0.183838951376974
"85","fatty acid &beta;-oxidation IV (unsaturated, even number)",0.460993551,0.802891049,1,0.676445546782072,0.843380960216564,0.183838951376974
"112","lutein biosynthesis",0.646207869,0.717589314,1,0.678687717546067,0.843380960216564,0.183838951376974
"63","UDP-&alpha;-D-galacturonate biosynthesis I (from UDP-D-glucuronate)",0.688765194,0.726359327,1,0.695308845293308,0.843380960216564,0.183838951376974
"197","ternatin C3 biosynthesis",0.573558323,0.792370051,1,0.695950693372827,0.843380960216564,0.183838951376974
"2","L-alanine biosynthesis II",0.606700805,0.778832226,1,0.696209459265515,0.843380960216564,0.183838951376974
"163","(1,4)-&beta;-D-xylan degradation",0.7541228,1,1,0.700091557066086,0.843380960216564,0.183838951376974
"118","acyl carrier protein metabolism",0.761389081,1,1,0.703398418594556,0.843380960216564,0.183838951376974
"173","DIMBOA-glucoside biosynthesis",0.768785633,1,1,0.706879826910545,0.843380960216564,0.183838951376974
"125","L-tyrosine biosynthesis III",0.837808932,0.478094181,1,0.708075520546556,0.843380960216564,0.183838951376974
"189","pyrimidine deoxyribonucleosides salvage",0.816313264,0.56246148,1,0.709019012578844,0.843380960216564,0.183838951376974
"230","NAD salvage pathway V (PNC V cycle)",0.694585105,0.755580669,1,0.709128480835151,0.843380960216564,0.183838951376974
"47","L-phenylalanine biosynthesis II",0.805613137,1,1,0.726293454662693,0.845999839754091,0.184409810918122
"46","choline biosynthesis I",0.806792651,1,1,0.726982399135539,0.845999839754091,0.184409810918122
"104","germacrene biosynthesis",0.531557382,0.847547764,1,0.727459909630406,0.845999839754091,0.184409810918122
"110","hydroxylated mugineic acid phytosiderophore biosynthesis",0.594968781,0.837576711,1,0.731584956995926,0.845999839754091,0.184409810918122
"144","spermine and spermidine degradation III",0.81560153,1,1,0.732283121347374,0.845999839754091,0.184409810918122
"143","spermine and spermidine degradation II",0.825543064,1,1,0.738620450000219,0.845999839754091,0.184409810918122
"3","L-aspartate degradation I",0.611199665,0.851219832,1,0.74586108321177,0.845999839754091,0.184409810918122
"4","L-aspartate biosynthesis",0.611199665,0.851219832,1,0.74586108321177,0.845999839754091,0.184409810918122
"44","superpathway of L-isoleucine biosynthesis I",0.611199665,0.851219832,1,0.74586108321177,0.845999839754091,0.184409810918122
"247","superpathway of L-threonine biosynthesis",0.611199665,0.851219832,1,0.74586108321177,0.845999839754091,0.184409810918122
"216","NADPH repair (eukaryotes)",0.796845474,0.768383875,1,0.752534938847854,0.849636221279835,0.18520246405832
"234","phosphatidylcholine biosynthesis III",0.854241059,1,1,0.759453055819751,0.850542075653627,0.185399920873252
"28","superpathway of phospholipid biosynthesis II (plants)",0.860424083,1,1,0.764529300306911,0.850542075653627,0.185399920873252
"64","urea cycle",0.866549643,1,1,0.769799622186467,0.850542075653627,0.185399920873252
"226","methyl indole-3-acetate interconversion",0.834998495,0.763461742,1,0.770743170951058,0.850542075653627,0.185399920873252
"235","phosphatidylcholine biosynthesis IV",0.872105884,1,1,0.77480349775678,0.850542075653627,0.185399920873252
"165","phytochelatins biosynthesis",0.749697851,0.856577148,1,0.780696208316461,0.850542075653627,0.185399920873252
"211","nitrite reduction (hemoglobin)",0.76279,0.851779602,1,0.781064120710571,0.850542075653627,0.185399920873252
"101","phosphatidylserine and phosphatidylethanolamine biosynthesis I",0.879652453,1,1,0.781968260765061,0.850542075653627,0.185399920873252
"180","phenylethyl acetate biosynthesis",0.82026,0.82026,1,0.784581669786611,0.850542075653627,0.185399920873252
"42","cytokinins 9-<i>N</i>-glucoside biosynthesis",0.89412,1,1,0.797036482076414,0.86023761281375,0.187513339919487
"208","methylerythritol phosphate pathway II",0.791239361,0.871852996,1,0.803469431851391,0.863377240366626,0.188197711353348
"54","uracil degradation I (reductive)",0.904205705,1,1,0.808727311236948,0.865232276214202,0.188602069361262
"78","GDP-L-galactose biosynthesis",0.783286591,0.892861387,1,0.818235879667686,0.87104568892198,0.189869268582649
"97","(3<i>E</i>)-4,8-dimethylnona-1,3,7-triene biosynthesis I",0.653418408,0.915295751,1,0.82127164955501,0.87104568892198,0.189869268582649
"228","methylsalicylate degradation",0.878406609,0.853783118,1,0.830425624379912,0.873872746779122,0.190485506530214
"162","tetrahydrofolate salvage from 5,10-methenyltetrahydrofolate",0.924243005,1,1,0.835447658413826,0.873872746779122,0.190485506530214
"149","eumelanin biosynthesis",0.889951704,0.851763548,1,0.837158300889223,0.873872746779122,0.190485506530214
"6","L-citrulline degradation",0.85538979,0.889348057,1,0.838204471400382,0.873872746779122,0.190485506530214
"220","UDP-&beta;-L-arabinose biosynthesis II (from &beta;-L-arabinose)",0.819122348,0.918848733,1,0.852003867147542,0.882190099142802,0.192298510865027
"199","UDP-&alpha;-D-galactose biosynthesis",0.502545447,0.942345947,1,0.853383891823853,0.882190099142802,0.192298510865027
"209","(7Z,10Z,13Z)-hexadecatrienoate biosynthesis",0.942861048,0.642784642,1,0.8636436809581,0.889044965692162,0.193792724675521
"117","GDP-L-fucose biosynthesis II (from L-fucose)",0.94564,1,1,0.87034493836202,0.889175880679516,0.193821261333485
"84","fatty acid &beta;-oxidation II (plant peroxisome)",0.462356539,0.951673966,1,0.871029434135037,0.889175880679516,0.193821261333485
"76","phytol salvage pathway",0.92319,0.92319,1,0.894348315425687,0.908407144125841,0.198013264084791
"178","terminal olefins biosynthesis II",0.92555,0.92555,1,0.897283791340626,0.908407144125841,0.198013264084791
"129","chorismate biosynthesis from 3-dehydroquinate",0.991434728,0.019390454,1,0.955534222042393,0.963398701236158,0.210000243481565
"227","cholesterol biosynthesis (plants, early side-chain reductase)",0.967877922,0.978974662,1,0.962824815946438,0.966770819290481,0.210735292855773
"207","diphthamide biosynthesis II (eukaryotes)",0.840751214,0.995580914,1,0.987177491753706,0.987177491753706,0.215183509549886
"55","UDP-&alpha;-D-galacturonate biosynthesis II (from D-galacturonate)",NA,NA,NA,NA,NA,NA
"96","&alpha;-amyrin biosynthesis",NA,NA,NA,NA,NA,NA
"105","maysin biosynthesis",NA,NA,NA,NA,NA,NA
"123","indican biosynthesis",NA,NA,NA,NA,NA,NA
"124","indigo biosynthesis",NA,NA,NA,NA,NA,NA
